Header lenght,Source MAC,Destination MAC,IP Protocol,Packet Type,Source IP adress,Destination IP adress,DSCP,ECN,IP ID,IP Fragment Offset,Traffic Class,Flow label,Source Port,Destination Port,IPv6 Extension,IPv6 Extension Lenght,Number of IPv6 Extension,IP header lenght,TCP Header Lenght,TTL,Hop Limit,Payload Size,TCP Window Size,UDP header Lenght,Timestamp,TCP Flag,SYCK Num,ACK Num,TCP Kind,TCP Options Lenght,Number of Options,ARP Hardware Type,ARP Protocol,ARP Hardware Size,ARP Protocol Size,ARP Opcode val,Sender's mac,Sender's IP,Target mac,Target IP,ICMP Type,ICMP code,Checksum,ICMP Echo,Sequence,IGMP Type,IGMP Max response,IGMP Checksum,Group Addr,Hash Identification
163,33:33:00:01:00:02,a4:00:4e:3d:27:10,0x86DD,UDP,fe80:0000:0000:0000:6fe2:8bf1:c28b:4ea5,ff02:0000:0000:0000:0000:0000:0001:0002,0,0,,,0,0,546,547,,0,0,40,,,1,101,,109,1751825534,,,,,,,,,,,,,,,,,,,,,,,,,15626810504917238260
86,33:33:ff:fc:2a:f1,b4:8c:9d:5d:37:9f,0x86DD,TCP,fe80:0000:0000:0000:043f:7d10:3efc:2af1,ff02:0000:0000:0000:0000:0001:fffc:2af1,0,0,,,0,0,0,5120,0-131-255-,40,3,88,44,,1,86,40285,,1751825534,0x140,13107,2197831435,96:,24,0,,,,,,,,,,,,,,,,,,,12176547382597322348
86,33:33:00:01:00:03,b4:8c:9d:5d:37:9f,0x86DD,TCP,fe80:0000:0000:0000:043f:7d10:3efc:2af1,ff02:0000:0000:0000:0000:0000:0001:0003,0,0,,,0,0,0,5120,0-131-255-,40,3,88,44,,1,86,40285,,1751825534,0x140,13107,2197853409,96:,24,0,,,,,,,,,,,,,,,,,,,14501176539973313180
86,33:33:00:00:00:fb,b4:8c:9d:5d:37:9f,0x86DD,TCP,fe80:0000:0000:0000:043f:7d10:3efc:2af1,ff02:0000:0000:0000:0000:0000:0000:00fb,0,0,,,0,0,0,5120,0-131-255-,40,3,88,44,,1,86,40285,,1751825534,0x140,13107,2197852915,96:,24,0,,,,,,,,,,,,,,,,,,,13625080900434395378
86,33:33:00:00:00:0c,b4:8c:9d:5d:37:9f,0x86DD,TCP,fe80:0000:0000:0000:043f:7d10:3efc:2af1,ff02:0000:0000:0000:0000:0000:0000:000c,0,0,,,0,0,0,5120,0-131-255-,40,3,88,16,,1,86,48404,,1751825534,0x235,13107,2197853393,,,,,,,,,,,,,,,,,,,,,,13665168025426050222
120,33:33:00:01:00:02,4c:eb:bd:14:1f:ad,0x86DD,UDP,fe80:0000:0000:0000:fd7e:c552:975c:eb6e,ff02:0000:0000:0000:0000:0000:0001:0002,0,0,,,0,693596,546,547,,0,0,40,,,1,58,,66,1751825534,,,,,,,,,,,,,,,,,,,,,,,,,1490827316924047084
294,ff:ff:ff:ff:ff:ff,a4:00:4e:3d:2a:08,0x0800,UDP,172.22.120.197,255.255.255.255,48,0,4,0,,,5249,5246,,,,20,,64,,252,,260,1751825534,,,,,,,,,,,,,,,,,,,,,,,,,7668405826585577383
314,33:33:00:00:01:8c,a4:00:4e:3d:2a:08,0x86DD,UDP,fe80:0000:0000:0000:fce4:5a10:2b88:253c,ff02:0000:0000:0000:0000:0000:0000:018c,48,0,,,192,0,5249,5246,,0,0,40,,,1,252,,260,1751825534,,,,,,,,,,,,,,,,,,,,,,,,,13073994529103112512
82,01:00:5e:00:00:fb,98:bd:80:6e:2c:97,0x0800,UDP,172.22.122.74,224.0.0.251,0,0,7,0,,,5353,5353,,,,20,,1,,40,,48,1751825534,,,,,,,,,,,,,,,,,,,,,,,,,17884594029582042825
102,33:33:00:00:00:fb,98:bd:80:6e:2c:97,0x86DD,UDP,fe80:0000:0000:0000:b5e1:5fee:cce3:2aac,ff02:0000:0000:0000:0000:0000:0000:00fb,0,0,,,0,785049,5353,5353,,0,0,40,,,1,40,,48,1751825534,,,,,,,,,,,,,,,,,,,,,,,,,14802344618284885695
82,01:00:5e:00:00:fb,98:bd:80:6e:2c:97,0x0800,UDP,172.22.122.74,224.0.0.251,0,0,8,0,,,5353,5353,,,,20,,1,,40,,48,1751825534,,,,,,,,,,,,,,,,,,,,,,,,,17884594029582042825
102,33:33:00:00:00:fb,98:bd:80:6e:2c:97,0x86DD,UDP,fe80:0000:0000:0000:b5e1:5fee:cce3:2aac,ff02:0000:0000:0000:0000:0000:0000:00fb,0,0,,,0,785049,5353,5353,,0,0,40,,,1,40,,48,1751825534,,,,,,,,,,,,,,,,,,,,,,,,,14802344618284885695
86,33:33:ff:5f:8a:7c,02:ea:7c:5f:8a:7c,0x86DD,11,fe80:0000:0000:0000:00ea:7cff:fe5f:8a7c,ff02:0000:0000:0000:0000:0001:ff5f:8a7c,0,0,,,0,0,,,0-131-255-,40,3,88,,,1,,,,1751825534,,,,,,,,,,,,,,,,,,,,,,,,,2496923529721289458
92,ff:ff:ff:ff:ff:ff,10:68:38:a3:ff:49,0x0800,UDP,172.22.120.137,172.22.127.255,0,0,225,0,,,137,137,,,,20,,128,,50,,58,1751825534,,,,,,,,,,,,,,,,,,,,,,,,,5744518551174260364
85,00:fd:22:38:9e:5c,30:03:c8:3c:a8:85,0x0800,TCP,172.22.125.1,20.192.44.80,0,0,195,0,,,56338,443,,,,20,20,128,,31,252,,1751825535,0x24,1907258143,2187010217,,,,,,,,,,,,,,,,,,,,,,562443861200455100
86,ff:ff:ff:ff:ff:ff,94:bb:43:c1:23:3c,0x0800,UDP,172.22.121.74,172.22.127.255,0,0,1,0,,,57621,57621,,,,20,,128,,44,,52,1751825535,,,,,,,,,,,,,,,,,,,,,,,,,9470533654828601776
103,01:00:5e:00:00:fb,9e:48:c7:17:78:22,0x0800,UDP,172.22.122.220,224.0.0.251,0,0,152,0,,,5353,5353,,,,20,,255,,61,,69,1751825535,,,,,,,,,,,,,,,,,,,,,,,,,5466748068514639775
123,33:33:00:00:00:fb,9e:48:c7:17:78:22,0x86DD,UDP,fe80:0000:0000:0000:9c48:c7ff:fe17:7822,ff02:0000:0000:0000:0000:0000:0000:00fb,0,0,,,0,822270,5353,5353,,0,0,40,,,255,61,,69,1751825535,,,,,,,,,,,,,,,,,,,,,,,,,16435157096047109060
60,30:03:c8:3c:a8:85,00:fd:22:38:9e:5c,0x0800,TCP,20.192.44.80,172.22.125.1,0,0,121,0,,,443,56338,,,,20,20,53,,6,501,,1751825535,0x16,2187010217,1907258174,,,,,,,,,,,,,,,,,,,,,,4369313038055075110
483,01:00:5e:00:00:fb,b2:b5:d1:37:b6:29,0x0800,UDP,172.22.126.157,224.0.0.251,0,0,154,0,,,5353,5353,,,,20,,255,,441,,449,1751825535,,,,,,,,,,,,,,,,,,,,,,,,,2321613964300666761
503,33:33:00:00:00:fb,b2:b5:d1:37:b6:29,0x86DD,UDP,fe80:0000:0000:0000:1cd8:a7fd:33ed:abf3,ff02:0000:0000:0000:0000:0000:0000:00fb,0,0,,,0,263936,5353,5353,,0,0,40,,,255,441,,449,1751825535,,,,,,,,,,,,,,,,,,,,,,,,,10249171234285031236
92,ff:ff:ff:ff:ff:ff,10:68:38:a3:ff:49,0x0800,UDP,172.22.120.137,172.22.127.255,0,0,226,0,,,137,137,,,,20,,128,,50,,58,1751825535,,,,,,,,,,,,,,,,,,,,,,,,,5744518551174260364
87,01:00:5e:00:00:fb,34:6f:24:c6:15:13,0x0800,UDP,172.22.121.81,224.0.0.251,0,0,199,0,,,5353,5353,,,,20,,255,,45,,53,1751825535,,,,,,,,,,,,,,,,,,,,,,,,,1366572692455993651
107,33:33:00:00:00:fb,34:6f:24:c6:15:13,0x86DD,UDP,fe80:0000:0000:0000:bba5:a18b:73b3:9dfe,ff02:0000:0000:0000:0000:0000:0000:00fb,0,0,,,0,734681,5353,5353,,0,0,40,,,255,45,,53,1751825535,,,,,,,,,,,,,,,,,,,,,,,,,7180454308768470975
384,01:00:5e:00:00:fb,d2:cd:99:89:6d:d3,0x0800,UDP,172.22.125.80,224.0.0.251,0,0,133,0,,,5353,5353,,,,20,,255,,342,,350,1751825535,,,,,,,,,,,,,,,,,,,,,,,,,9027500881503758110
404,33:33:00:00:00:fb,d2:cd:99:89:6d:d3,0x86DD,UDP,fe80:0000:0000:0000:18e5:7f4b:fc92:fd23,ff02:0000:0000:0000:0000:0000:0000:00fb,0,0,,,0,256,5353,5353,,0,0,40,,,255,342,,350,1751825535,,,,,,,,,,,,,,,,,,,,,,,,,4271010562977571524
294,ff:ff:ff:ff:ff:ff,a4:00:4e:3d:07:d0,0x0800,UDP,172.22.125.204,255.255.255.255,48,0,144,0,,,5249,5246,,,,20,,64,,252,,260,1751825535,,,,,,,,,,,,,,,,,,,,,,,,,10445689966687147858
314,33:33:00:00:01:8c,a4:00:4e:3d:07:d0,0x86DD,UDP,fe80:0000:0000:0000:dcd1:3fa5:821b:872b,ff02:0000:0000:0000:0000:0000:0000:018c,48,0,,,192,0,5249,5246,,0,0,40,,,1,252,,260,1751825535,,,,,,,,,,,,,,,,,,,,,,,,,18324500255719529921
167,01:00:5e:7f:ff:fa,34:6f:24:c6:15:13,0x0800,UDP,172.22.121.81,239.255.255.250,0,0,159,0,,,65532,1900,,,,20,,255,,125,,133,1751825535,,,,,,,,,,,,,,,,,,,,,,,,,13154262507935913233
143,01:00:5e:7f:ff:fa,f4:c8:8a:4d:ad:3c,0x0800,UDP,172.22.127.200,239.255.255.250,0,0,243,0,,,61996,1900,,,,20,,4,,101,,109,1751825535,,,,,,,,,,,,,,,,,,,,,,,,,6464689922539861423
294,ff:ff:ff:ff:ff:ff,a4:00:4e:3c:fa:08,0x0800,UDP,172.22.120.221,255.255.255.255,48,0,44,0,,,5250,5246,,,,20,,64,,252,,260,1751825535,,,,,,,,,,,,,,,,,,,,,,,,,16879923468385597378
314,33:33:00:00:01:8c,a4:00:4e:3c:fa:08,0x86DD,UDP,fe80:0000:0000:0000:2ecb:cfa5:80a3:8dad,ff02:0000:0000:0000:0000:0000:0000:018c,48,0,,,192,0,5250,5246,,0,0,40,,,1,252,,260,1751825535,,,,,,,,,,,,,,,,,,,,,,,,,2654134102093243857
216,ff:ff:ff:ff:ff:ff,7e:9c:a8:20:c2:dd,0x0800,UDP,172.22.122.234,172.22.127.255,0,0,143,0,,,138,138,,,,20,,64,,174,,182,1751825535,,,,,,,,,,,,,,,,,,,,,,,,,9347654355577097001
90,33:33:00:00:00:16,4e:62:47:d6:d8:ff,0x86DD,0,fe80:0000:0000:0000:4c62:47ff:fed6:d8ff,ff02:0000:0000:0000:0000:0000:0000:0016,0,0,,,0,0,,,0-143-4-0-255-,1752,5,1800,,,1,,,,1751825535,,,,,,,,,,,,,,,,,,,,,,,,,10557446528051805842
163,33:33:00:01:00:02,a4:00:4e:3d:10:80,0x86DD,UDP,fe80:0000:0000:0000:3ab1:d31d:0d04:81e0,ff02:0000:0000:0000:0000:0000:0001:0002,0,0,,,0,0,546,547,,0,0,40,,,1,101,,109,1751825535,,,,,,,,,,,,,,,,,,,,,,,,,12750592410502699716
66,30:e3:a4:94:ac:ff,30:03:c8:3c:a8:85,0x0800,TCP,172.22.125.1,172.22.126.67,0,0,73,0,,,56695,7680,,,,20,32,128,,0,65535,,1751825535,0x2,2663951981,0,2:,12,1,,,,,,,,,,,,,,,,,,,6532731126365961656
86,33:33:ff:5a:28:a9,00:e9:3a:5d:90:d1,0x86DD,1,fe80:0000:0000:0000:6123:c22d:235a:28a9,ff02:0000:0000:0000:0000:0001:ff5a:28a9,0,0,,,0,0,,,0-131-255-,40,3,88,,,1,,,,1751825536,,,,,,,,,,,,,,,,,,,,,,,,,15138726118828544332
86,33:33:00:00:00:fb,00:e9:3a:5d:90:d1,0x86DD,1,fe80:0000:0000:0000:6123:c22d:235a:28a9,ff02:0000:0000:0000:0000:0000:0000:00fb,0,0,,,0,0,,,0-131-255-,40,3,88,,,1,,,,1751825536,,,,,,,,,,,,,,,,,,,,,,,,,18221907532088219176
86,33:33:00:01:00:03,00:e9:3a:5d:90:d1,0x86DD,1,fe80:0000:0000:0000:6123:c22d:235a:28a9,ff02:0000:0000:0000:0000:0000:0001:0003,0,0,,,0,0,,,0-131-255-,40,3,88,,,1,,,,1751825536,,,,,,,,,,,,,,,,,,,,,,,,,9856617630422430790
86,33:33:00:00:00:0c,00:e9:3a:5d:90:d1,0x86DD,4,fe80:0000:0000:0000:6123:c22d:235a:28a9,ff02:0000:0000:0000:0000:0000:0000:000c,0,0,,,0,0,,,0-131-255-,40,3,88,,,1,,,,1751825536,,,,,,,,,,,,,,,,,,,,,,,,,18181972131698682404
92,ff:ff:ff:ff:ff:ff,90:de:80:2d:49:8b,0x0800,UDP,172.22.127.99,172.22.127.255,0,0,247,0,,,137,137,,,,20,,128,,50,,58,1751825536,,,,,,,,,,,,,,,,,,,,,,,,,4841997919949626712
90,33:33:00:00:00:16,4e:62:47:d6:d8:ff,0x86DD,0,fe80:0000:0000:0000:4c62:47ff:fed6:d8ff,ff02:0000:0000:0000:0000:0000:0000:0016,0,0,,,0,0,,,0-143-4-0-255-,1752,5,1800,,,1,,,,1751825536,,,,,,,,,,,,,,,,,,,,,,,,,10557446528051805842
86,33:33:ff:bf:26:14,32:5e:b8:19:8a:9f,0x86DD,5,fe80:0000:0000:0000:10ac:a1c3:e8f4:242d,ff02:0000:0000:0000:0000:0002:ffbf:2614,0,0,,,0,0,,,0-131-255-,40,3,88,,,1,,,,1751825536,,,,,,,,,,,,,,,,,,,,,,,,,15804290548422681960
86,33:33:ff:f4:24:2d,32:5e:b8:19:8a:9f,0x86DD,5,fe80:0000:0000:0000:10ac:a1c3:e8f4:242d,ff02:0000:0000:0000:0000:0001:fff4:242d,0,0,,,0,0,,,0-131-255-,40,3,88,,,1,,,,1751825536,,,,,,,,,,,,,,,,,,,,,,,,,16628672883078596352
186,ff:ff:ff:ff:ff:ff,94:bb:43:c1:23:3c,0x0800,UDP,172.22.121.74,172.22.127.255,0,0,2,0,,,54592,51007,,,,20,,128,,144,,152,1751825536,,,,,,,,,,,,,,,,,,,,,,,,,9470533654828626356
86,ff:ff:ff:ff:ff:ff,34:6f:24:c6:15:13,0x0800,UDP,172.22.121.81,172.22.127.255,0,0,126,0,,,57621,57621,,,,20,,128,,44,,52,1751825536,,,,,,,,,,,,,,,,,,,,,,,,,16807906303010217635
150,33:33:00:01:00:02,c8:94:02:69:ba:17,0x86DD,UDP,fe80:0000:0000:0000:205b:4537:b75d:7d0f,ff02:0000:0000:0000:0000:0000:0001:0002,0,0,,,0,575622,546,547,,0,0,40,,,1,88,,96,1751825536,,,,,,,,,,,,,,,,,,,,,,,,,14237831338948762261
294,ff:ff:ff:ff:ff:ff,a4:00:4e:3d:27:40,0x0800,UDP,172.22.122.212,255.255.255.255,48,0,8,0,,,5249,5246,,,,20,,64,,252,,260,1751825536,,,,,,,,,,,,,,,,,,,,,,,,,5662527404952169549
141,01:00:5e:00:00:fb,7e:9c:a8:20:c2:dd,0x0800,UDP,172.22.122.234,224.0.0.251,0,0,196,0,,,5353,5353,,,,20,,255,,99,,107,1751825536,,,,,,,,,,,,,,,,,,,,,,,,,8795298319412063805
161,33:33:00:00:00:fb,7e:9c:a8:20:c2:dd,0x86DD,UDP,fe80:0000:0000:0000:0862:c431:bdcb:b4bb,ff02:0000:0000:0000:0000:0000:0000:00fb,0,0,,,0,592640,5353,5353,,0,0,40,,,255,99,,107,1751825536,,,,,,,,,,,,,,,,,,,,,,,,,13344213420253942945
82,01:00:5e:00:00:fb,c8:94:02:69:ba:17,0x0800,UDP,172.22.123.1,224.0.0.251,0,0,21,0,,,5353,5353,,,,20,,1,,40,,48,1751825536,,,,,,,,,,,,,,,,,,,,,,,,,9018072769248729549
102,33:33:00:00:00:fb,c8:94:02:69:ba:17,0x86DD,UDP,fe80:0000:0000:0000:205b:4537:b75d:7d0f,ff02:0000:0000:0000:0000:0000:0000:00fb,0,0,,,0,806338,5353,5353,,0,0,40,,,1,40,,48,1751825536,,,,,,,,,,,,,,,,,,,,,,,,,15545155473176863809
82,01:00:5e:00:00:fb,c8:94:02:69:ba:17,0x0800,UDP,172.22.123.1,224.0.0.251,0,0,22,0,,,5353,5353,,,,20,,1,,40,,48,1751825536,,,,,,,,,,,,,,,,,,,,,,,,,9018072769248729549
102,33:33:00:00:00:fb,c8:94:02:69:ba:17,0x86DD,UDP,fe80:0000:0000:0000:205b:4537:b75d:7d0f,ff02:0000:0000:0000:0000:0000:0000:00fb,0,0,,,0,806338,5353,5353,,0,0,40,,,1,40,,48,1751825536,,,,,,,,,,,,,,,,,,,,,,,,,15545155473176863809
92,ff:ff:ff:ff:ff:ff,90:de:80:2d:49:8b,0x0800,UDP,172.22.127.99,172.22.127.255,0,0,248,0,,,137,137,,,,20,,128,,50,,58,1751825536,,,,,,,,,,,,,,,,,,,,,,,,,4841997919949626712
102,33:33:00:00:00:fb,c8:94:02:69:ba:17,0x86DD,UDP,fe80:0000:0000:0000:205b:4537:b75d:7d0f,ff02:0000:0000:0000:0000:0000:0000:00fb,0,0,,,0,121369,5353,5353,,0,0,40,,,1,40,,48,1751825536,,,,,,,,,,,,,,,,,,,,,,,,,15545155473176863809
102,33:33:00:00:00:fb,c8:94:02:69:ba:17,0x86DD,UDP,fe80:0000:0000:0000:205b:4537:b75d:7d0f,ff02:0000:0000:0000:0000:0000:0000:00fb,0,0,,,0,121369,5353,5353,,0,0,40,,,1,40,,48,1751825536,,,,,,,,,,,,,,,,,,,,,,,,,15545155473176863809
86,33:33:ff:f9:44:b0,16:23:10:8c:b8:de,0x86DD,1,fe80:0000:0000:0000:10a8:995a:743a:7fcc,ff02:0000:0000:0000:0000:0002:fff9:44b0,0,0,,,0,0,,,0-131-255-,40,3,88,,,1,,,,1751825537,,,,,,,,,,,,,,,,,,,,,,,,,6945644319490220773
86,33:33:ff:3a:7f:cc,16:23:10:8c:b8:de,0x86DD,1,fe80:0000:0000:0000:10a8:995a:743a:7fcc,ff02:0000:0000:0000:0000:0001:ff3a:7fcc,0,0,,,0,0,,,0-131-255-,40,3,88,,,1,,,,1751825537,,,,,,,,,,,,,,,,,,,,,,,,,16526023728806685047
167,01:00:5e:7f:ff:fa,56:94:3e:f2:cb:d0,0x0800,UDP,172.22.122.255,239.255.255.250,0,0,116,0,,,42381,1900,,,,20,,1,,125,,133,1751825537,,,,,,,,,,,,,,,,,,,,,,,,,10089509083899841423
87,01:00:5e:00:00:fb,34:6f:24:c6:15:13,0x0800,UDP,172.22.121.81,224.0.0.251,0,0,200,0,,,5353,5353,,,,20,,255,,45,,53,1751825537,,,,,,,,,,,,,,,,,,,,,,,,,1366572692455993651
107,33:33:00:00:00:fb,34:6f:24:c6:15:13,0x86DD,UDP,fe80:0000:0000:0000:bba5:a18b:73b3:9dfe,ff02:0000:0000:0000:0000:0000:0000:00fb,0,0,,,0,734681,5353,5353,,0,0,40,,,255,45,,53,1751825537,,,,,,,,,,,,,,,,,,,,,,,,,7180454308768470975
167,01:00:5e:7f:ff:fa,34:6f:24:c6:15:13,0x0800,UDP,172.22.121.81,239.255.255.250,0,0,160,0,,,65532,1900,,,,20,,255,,125,,133,1751825537,,,,,,,,,,,,,,,,,,,,,,,,,13154262507935913233
86,33:33:ff:5c:eb:6e,4c:eb:bd:14:1f:ad,0x86DD,10,fe80:0000:0000:0000:fd7e:c552:975c:eb6e,ff02:0000:0000:0000:0000:0001:ff5c:eb6e,0,0,,,0,0,,,0-131-255-,40,3,88,,,1,,,,1751825537,,,,,,,,,,,,,,,,,,,,,,,,,6678125126161947984
86,33:33:00:01:00:03,4c:eb:bd:14:1f:ad,0x86DD,10,fe80:0000:0000:0000:fd7e:c552:975c:eb6e,ff02:0000:0000:0000:0000:0000:0001:0003,0,0,,,0,0,,,0-131-255-,40,3,88,,,1,,,,1751825537,,,,,,,,,,,,,,,,,,,,,,,,,8265639082527500234
86,33:33:00:00:00:fb,4c:eb:bd:14:1f:ad,0x86DD,10,fe80:0000:0000:0000:fd7e:c552:975c:eb6e,ff02:0000:0000:0000:0000:0000:0000:00fb,0,0,,,0,0,,,0-131-255-,40,3,88,,,1,,,,1751825537,,,,,,,,,,,,,,,,,,,,,,,,,476808902372967844
86,33:33:00:00:00:0c,4c:eb:bd:14:1f:ad,0x86DD,10,fe80:0000:0000:0000:fd7e:c552:975c:eb6e,ff02:0000:0000:0000:0000:0000:0000:000c,0,0,,,0,0,,,0-131-255-,40,3,88,,,1,,,,1751825537,,,,,,,,,,,,,,,,,,,,,,,,,445742163125271032
86,33:33:ff:9c:a7:bd,dc:45:46:ce:5b:ad,0x86DD,10,fe80:0000:0000:0000:86ab:77a2:b09c:a7bd,ff02:0000:0000:0000:0000:0001:ff9c:a7bd,0,0,,,0,0,,,0-131-255-,40,3,88,,,1,,,,1751825537,,,,,,,,,,,,,,,,,,,,,,,,,16263808023040264791
86,33:33:00:01:00:03,dc:45:46:ce:5b:ad,0x86DD,10,fe80:0000:0000:0000:86ab:77a2:b09c:a7bd,ff02:0000:0000:0000:0000:0000:0001:0003,0,0,,,0,0,,,0-131-255-,40,3,88,,,1,,,,1751825537,,,,,,,,,,,,,,,,,,,,,,,,,3133768292443826907
86,33:33:00:00:00:fb,dc:45:46:ce:5b:ad,0x86DD,10,fe80:0000:0000:0000:86ab:77a2:b09c:a7bd,ff02:0000:0000:0000:0000:0000:0000:00fb,0,0,,,0,0,,,0-131-255-,40,3,88,,,1,,,,1751825537,,,,,,,,,,,,,,,,,,,,,,,,,6869647980596775093
86,33:33:00:00:00:0c,dc:45:46:ce:5b:ad,0x86DD,12,fe80:0000:0000:0000:86ab:77a2:b09c:a7bd,ff02:0000:0000:0000:0000:0000:0000:000c,0,0,,,0,0,,,0-131-255-,40,3,88,,,1,,,,1751825537,,,,,,,,,,,,,,,,,,,,,,,,,6910645508832949385
86,33:33:00:00:00:fb,7e:1e:34:41:27:d1,0x86DD,12,fe80:0000:0000:0000:7c1e:34ff:fe41:27d1,ff02:0000:0000:0000:0000:0000:0000:00fb,0,0,,,0,0,,,0-131-255-,40,3,88,,,1,,,,1751825537,,,,,,,,,,,,,,,,,,,,,,,,,14750884602957368210
86,33:33:ff:41:27:d1,7e:1e:34:41:27:d1,0x86DD,12,fe80:0000:0000:0000:7c1e:34ff:fe41:27d1,ff02:0000:0000:0000:0000:0001:ff41:27d1,0,0,,,0,0,,,0-131-255-,40,3,88,,,1,,,,1751825537,,,,,,,,,,,,,,,,,,,,,,,,,5222742152197442586
92,ff:ff:ff:ff:ff:ff,90:de:80:2d:49:8b,0x0800,UDP,172.22.127.99,172.22.127.255,0,0,249,0,,,137,137,,,,20,,128,,50,,58,1751825537,,,,,,,,,,,,,,,,,,,,,,,,,4841997919949626712
120,33:33:00:01:00:02,98:bd:80:6e:2c:97,0x86DD,UDP,fe80:0000:0000:0000:b5e1:5fee:cce3:2aac,ff02:0000:0000:0000:0000:0000:0001:0002,0,0,,,0,508995,546,547,,0,0,40,,,1,58,,66,1751825537,,,,,,,,,,,,,,,,,,,,,,,,,16087406119039998059
82,01:00:5e:00:00:fb,c8:94:02:69:ba:17,0x0800,UDP,172.22.123.1,224.0.0.251,0,0,25,0,,,5353,5353,,,,20,,1,,40,,48,1751825538,,,,,,,,,,,,,,,,,,,,,,,,,9018072769248729549
102,33:33:00:00:00:fb,c8:94:02:69:ba:17,0x86DD,UDP,fe80:0000:0000:0000:205b:4537:b75d:7d0f,ff02:0000:0000:0000:0000:0000:0000:00fb,0,0,,,0,806338,5353,5353,,0,0,40,,,1,40,,48,1751825538,,,,,,,,,,,,,,,,,,,,,,,,,15545155473176863809
82,01:00:5e:00:00:fb,c8:94:02:69:ba:17,0x0800,UDP,172.22.123.1,224.0.0.251,0,0,26,0,,,5353,5353,,,,20,,1,,40,,48,1751825538,,,,,,,,,,,,,,,,,,,,,,,,,9018072769248729549
102,33:33:00:00:00:fb,c8:94:02:69:ba:17,0x86DD,UDP,fe80:0000:0000:0000:205b:4537:b75d:7d0f,ff02:0000:0000:0000:0000:0000:0000:00fb,0,0,,,0,806338,5353,5353,,0,0,40,,,1,40,,48,1751825538,,,,,,,,,,,,,,,,,,,,,,,,,15545155473176863809
102,33:33:00:00:00:fb,c8:94:02:69:ba:17,0x86DD,UDP,fe80:0000:0000:0000:205b:4537:b75d:7d0f,ff02:0000:0000:0000:0000:0000:0000:00fb,0,0,,,0,121369,5353,5353,,0,0,40,,,1,40,,48,1751825538,,,,,,,,,,,,,,,,,,,,,,,,,15545155473176863809
102,33:33:00:00:00:fb,c8:94:02:69:ba:17,0x86DD,UDP,fe80:0000:0000:0000:205b:4537:b75d:7d0f,ff02:0000:0000:0000:0000:0000:0000:00fb,0,0,,,0,121369,5353,5353,,0,0,40,,,1,40,,48,1751825538,,,,,,,,,,,,,,,,,,,,,,,,,15545155473176863809
243,ff:ff:ff:ff:ff:ff,ce:b0:30:a9:49:e0,0x0800,UDP,172.22.122.186,172.22.127.255,0,0,39,0,,,138,138,,,,20,,128,,201,,209,1751825538,,,,,,,,,,,,,,,,,,,,,,,,,17332173439786254166
256,01:00:5e:00:00:fb,30:03:c8:3c:a8:85,0x0800,UDP,172.22.125.1,224.0.0.251,0,0,83,0,,,5353,5353,,,,20,,1,,214,,222,1751825538,,,,,,,,,,,,,,,,,,,,,,,,,17823270597801400490
276,33:33:00:00:00:fb,30:03:c8:3c:a8:85,0x86DD,UDP,fe80:0000:0000:0000:8a92:5006:e786:3689,ff02:0000:0000:0000:0000:0000:0000:00fb,0,0,,,0,159085,5353,5353,,0,0,40,,,1,214,,222,1751825538,,,,,,,,,,,,,,,,,,,,,,,,,8425070107305562585
93,01:00:5e:00:00:fb,30:03:c8:3c:a8:85,0x0800,UDP,172.22.125.1,224.0.0.251,0,0,84,0,,,5353,5353,,,,20,,1,,51,,59,1751825538,,,,,,,,,,,,,,,,,,,,,,,,,17823270597801400490
113,33:33:00:00:00:fb,30:03:c8:3c:a8:85,0x86DD,UDP,fe80:0000:0000:0000:8a92:5006:e786:3689,ff02:0000:0000:0000:0000:0000:0000:00fb,0,0,,,0,159085,5353,5353,,0,0,40,,,1,51,,59,1751825538,,,,,,,,,,,,,,,,,,,,,,,,,8425070107305562585
55,00:fd:22:38:9e:5c,30:03:c8:3c:a8:85,0x0800,TCP,172.22.125.1,35.190.80.1,0,0,238,0,,,56656,443,,,,20,20,128,,1,251,,1751825538,0x16,1924379239,2446080391,,,,,,,,,,,,,,,,,,,,,,11254115233179708574
66,30:03:c8:3c:a8:85,00:fd:22:38:9e:5c,0x0800,TCP,35.190.80.1,172.22.125.1,0,0,141,0,,,443,56656,,,,20,32,122,,0,1045,,1751825538,0x16,2446080391,1924379240,1:,12,1,,,,,,,,,,,,,,,,,,,17389138971644530979
86,33:33:ff:3c:a4:e8,20:1e:88:ee:32:34,0x86DD,TCP,fe80:0000:0000:0000:3284:3568:3d3c:a4e8,ff02:0000:0000:0000:0000:0001:ff3c:a4e8,0,0,,,0,0,0,5120,0-131-255-,40,3,88,8,,1,86,35054,,1751825538,0x30,1610625843,2197876167,,,,,,,,,,,,,,,,,,,,,,4799448008846598126
86,33:33:00:00:00:fb,20:1e:88:ee:32:34,0x86DD,TCP,fe80:0000:0000:0000:3284:3568:3d3c:a4e8,ff02:0000:0000:0000:0000:0000:0000:00fb,0,0,,,0,0,0,5120,0-131-255-,40,3,88,8,,1,86,55758,,1751825538,0x90,2325741567,2197828639,,,,,,,,,,,,,,,,,,,,,,10026357680609772394
86,ff:ff:ff:ff:ff:ff,2e:5a:d9:ce:8d:ce,0x0800,UDP,172.22.120.191,172.22.127.255,0,0,231,0,,,57621,57621,,,,20,,64,,44,,52,1751825538,,,,,,,,,,,,,,,,,,,,,,,,,17330142737248766642
93,01:00:5e:00:00:fb,30:03:c8:3c:a8:85,0x0800,UDP,172.22.125.1,224.0.0.251,0,0,85,0,,,5353,5353,,,,20,,1,,51,,59,1751825538,,,,,,,,,,,,,,,,,,,,,,,,,17823270597801400490
113,33:33:00:00:00:fb,30:03:c8:3c:a8:85,0x86DD,UDP,fe80:0000:0000:0000:8a92:5006:e786:3689,ff02:0000:0000:0000:0000:0000:0000:00fb,0,0,,,0,159085,5353,5353,,0,0,40,,,1,51,,59,1751825538,,,,,,,,,,,,,,,,,,,,,,,,,8425070107305562585
103,01:00:5e:00:00:fb,ca:b2:da:67:56:f9,0x0800,UDP,172.22.120.240,224.0.0.251,0,0,144,0,,,5353,5353,,,,20,,255,,61,,69,1751825538,,,,,,,,,,,,,,,,,,,,,,,,,12688020646174080372
123,33:33:00:00:00:fb,ca:b2:da:67:56:f9,0x86DD,UDP,fe80:0000:0000:0000:c8b2:daff:fe67:56f9,ff02:0000:0000:0000:0000:0000:0000:00fb,0,0,,,0,760022,5353,5353,,0,0,40,,,255,61,,69,1751825538,,,,,,,,,,,,,,,,,,,,,,,,,1102279066641972278
93,01:00:5e:00:00:fb,30:03:c8:3c:a8:85,0x0800,UDP,172.22.125.1,224.0.0.251,0,0,86,0,,,5353,5353,,,,20,,1,,51,,59,1751825538,,,,,,,,,,,,,,,,,,,,,,,,,17823270597801400490
113,33:33:00:00:00:fb,30:03:c8:3c:a8:85,0x86DD,UDP,fe80:0000:0000:0000:8a92:5006:e786:3689,ff02:0000:0000:0000:0000:0000:0000:00fb,0,0,,,0,159085,5353,5353,,0,0,40,,,1,51,,59,1751825538,,,,,,,,,,,,,,,,,,,,,,,,,8425070107305562585
92,ff:ff:ff:ff:ff:ff,10:68:38:a3:ff:49,0x0800,UDP,172.22.120.137,172.22.127.255,0,0,227,0,,,137,137,,,,20,,128,,50,,58,1751825538,,,,,,,,,,,,,,,,,,,,,,,,,5744518551174260364
143,01:00:5e:7f:ff:fa,f4:c8:8a:4d:ad:3c,0x0800,UDP,172.22.127.200,239.255.255.250,0,0,244,0,,,61996,1900,,,,20,,4,,101,,109,1751825538,,,,,,,,,,,,,,,,,,,,,,,,,6464689922539861423
99,01:00:5e:00:00:fb,16:23:10:8c:b8:de,0x0800,UDP,172.22.122.209,224.0.0.251,0,0,7,0,,,5353,5353,,,,20,,255,,57,,65,1751825538,,,,,,,,,,,,,,,,,,,,,,,,,7226553281552884509
119,33:33:00:00:00:fb,16:23:10:8c:b8:de,0x86DD,UDP,fe80:0000:0000:0000:10a8:995a:743a:7fcc,ff02:0000:0000:0000:0000:0000:0000:00fb,0,0,,,0,460032,5353,5353,,0,0,40,,,255,57,,65,1751825538,,,,,,,,,,,,,,,,,,,,,,,,,4239380941683794453
82,ff:ff:ff:ff:ff:ff,da:6f:f8:43:c8:e1,0x0800,UDP,172.22.127.164,172.22.127.255,0,0,251,0,,,57621,57621,,,,20,,64,,40,,48,1751825538,,,,,,,,,,,,,,,,,,,,,,,,,1193310146944154645
86,33:33:ff:e5:f4:0f,22:05:0b:c4:48:f1,0x86DD,14,fe80:0000:0000:0000:00d3:f6bd:3437:a80d,ff02:0000:0000:0000:0000:0002:ffe5:f40f,0,0,,,0,0,,,0-131-255-,40,3,88,,,1,,,,1751825538,,,,,,,,,,,,,,,,,,,,,,,,,15593842728299084665
86,33:33:ff:37:a8:0d,22:05:0b:c4:48:f1,0x86DD,14,fe80:0000:0000:0000:00d3:f6bd:3437:a80d,ff02:0000:0000:0000:0000:0001:ff37:a80d,0,0,,,0,0,,,0-131-255-,40,3,88,,,1,,,,1751825538,,,,,,,,,,,,,,,,,,,,,,,,,17711428589056519421
321,01:00:5e:00:00:fb,30:03:c8:3c:a8:85,0x0800,UDP,172.22.125.1,224.0.0.251,0,0,87,0,,,5353,5353,,,,20,,1,,279,,287,1751825538,,,,,,,,,,,,,,,,,,,,,,,,,17823270597801400490
341,33:33:00:00:00:fb,30:03:c8:3c:a8:85,0x86DD,UDP,fe80:0000:0000:0000:8a92:5006:e786:3689,ff02:0000:0000:0000:0000:0000:0000:00fb,0,0,,,0,159085,5353,5353,,0,0,40,,,1,279,,287,1751825538,,,,,,,,,,,,,,,,,,,,,,,,,8425070107305562585
257,01:00:5e:00:00:fb,30:03:c8:3c:a8:85,0x0800,UDP,172.22.125.1,224.0.0.251,0,0,88,0,,,5353,5353,,,,20,,1,,215,,223,1751825538,,,,,,,,,,,,,,,,,,,,,,,,,17823270597801400490
277,33:33:00:00:00:fb,30:03:c8:3c:a8:85,0x86DD,UDP,fe80:0000:0000:0000:8a92:5006:e786:3689,ff02:0000:0000:0000:0000:0000:0000:00fb,0,0,,,0,159085,5353,5353,,0,0,40,,,1,215,,223,1751825538,,,,,,,,,,,,,,,,,,,,,,,,,8425070107305562585
294,ff:ff:ff:ff:ff:ff,a4:00:4e:3d:2a:b0,0x0800,UDP,172.22.123.208,255.255.255.255,48,0,98,0,,,5252,5246,,,,20,,64,,252,,260,1751825539,,,,,,,,,,,,,,,,,,,,,,,,,6408840276716073619
314,33:33:00:00:01:8c,a4:00:4e:3d:2a:b0,0x86DD,UDP,fe80:0000:0000:0000:f407:5f0a:a8a8:b84e,ff02:0000:0000:0000:0000:0000:0000:018c,48,0,,,192,0,5252,5246,,0,0,40,,,1,252,,260,1751825539,,,,,,,,,,,,,,,,,,,,,,,,,13325662502740537167
119,01:00:5e:00:00:fb,9a:29:af:a3:6f:24,0x0800,UDP,172.22.124.245,224.0.0.251,0,0,68,0,,,5353,5353,,,,20,,255,,77,,85,1751825539,,,,,,,,,,,,,,,,,,,,,,,,,802192867596818977
139,33:33:00:00:00:fb,9a:29:af:a3:6f:24,0x86DD,UDP,fe80:0000:0000:0000:9829:afff:fea3:6f24,ff02:0000:0000:0000:0000:0000:0000:00fb,0,0,,,0,734774,5353,5353,,0,0,40,,,255,77,,85,1751825539,,,,,,,,,,,,,,,,,,,,,,,,,2251808901336709672
93,01:00:5e:00:00:fb,34:6f:24:c6:15:13,0x0800,UDP,172.22.121.81,224.0.0.251,0,0,201,0,,,5353,5353,,,,20,,1,,51,,59,1751825539,,,,,,,,,,,,,,,,,,,,,,,,,1366572692455993651
113,33:33:00:00:00:fb,34:6f:24:c6:15:13,0x86DD,UDP,fe80:0000:0000:0000:bba5:a18b:73b3:9dfe,ff02:0000:0000:0000:0000:0000:0000:00fb,0,0,,,0,989830,5353,5353,,0,0,40,,,1,51,,59,1751825539,,,,,,,,,,,,,,,,,,,,,,,,,7180454308768470975
163,33:33:00:01:00:02,a4:00:4e:3d:09:58,0x86DD,UDP,fe80:0000:0000:0000:dde4:5446:385a:ec07,ff02:0000:0000:0000:0000:0000:0001:0002,0,0,,,0,0,546,547,,0,0,40,,,1,101,,109,1751825539,,,,,,,,,,,,,,,,,,,,,,,,,16621253616996502293
243,ff:ff:ff:ff:ff:ff,dc:45:46:ce:5b:ad,0x0800,UDP,172.22.126.22,172.22.127.255,0,0,103,0,,,138,138,,,,20,,128,,201,,209,1751825539,,,,,,,,,,,,,,,,,,,,,,,,,1983261288215949097
294,ff:ff:ff:ff:ff:ff,a4:00:4e:3d:27:50,0x0800,UDP,172.22.123.192,255.255.255.255,48,0,31,0,,,5251,5246,,,,20,,64,,252,,260,1751825539,,,,,,,,,,,,,,,,,,,,,,,,,18034743678104738061
314,33:33:00:00:01:8c,a4:00:4e:3d:27:50,0x86DD,UDP,fe80:0000:0000:0000:1801:4b57:7dc7:8280,ff02:0000:0000:0000:0000:0000:0000:018c,48,0,,,192,0,5251,5246,,0,0,40,,,1,252,,260,1751825539,,,,,,,,,,,,,,,,,,,,,,,,,17393715091974390472
92,ff:ff:ff:ff:ff:ff,10:68:38:a3:ff:49,0x0800,UDP,172.22.120.137,172.22.127.255,0,0,228,0,,,137,137,,,,20,,128,,50,,58,1751825539,,,,,,,,,,,,,,,,,,,,,,,,,5744518551174260364
175,ff:ff:ff:ff:ff:ff,16:23:10:8c:b8:de,0x0800,UDP,172.22.122.209,255.255.255.255,0,0,31,0,,,17500,17500,,,,20,,64,,133,,141,1751825539,,,,,,,,,,,,,,,,,,,,,,,,,15979486720247210301
175,ff:ff:ff:ff:ff:ff,16:23:10:8c:b8:de,0x0800,UDP,172.22.122.209,172.22.127.255,0,0,132,0,,,17500,17500,,,,20,,64,,133,,141,1751825539,,,,,,,,,,,,,,,,,,,,,,,,,11529066403223876577
512,00:fd:22:38:9e:5c,30:03:c8:3c:a8:85,0x0800,UDP,172.22.125.1,142.251.220.68,0,0,229,0,,,61240,443,,,,20,,128,,1250,,1258,1751825539,,,,,,,,,,,,,,,,,,,,,,,,,5710391236528867250
512,00:fd:22:38:9e:5c,30:03:c8:3c:a8:85,0x0800,UDP,172.22.125.1,142.251.220.68,0,0,230,0,,,61240,443,,,,20,,128,,1250,,1258,1751825539,,,,,,,,,,,,,,,,,,,,,,,,,5710391236528867250
119,00:fd:22:38:9e:5c,30:03:c8:3c:a8:85,0x0800,UDP,172.22.125.1,142.251.220.68,0,0,231,0,,,61240,443,,,,20,,128,,77,,85,1751825539,,,,,,,,,,,,,,,,,,,,,,,,,5710391236528867250
82,30:03:c8:3c:a8:85,f8:c6:50:3f:58:ef,0x0800,UDP,142.251.220.68,172.22.125.1,0,0,0,0,,,443,61240,,,,20,,59,,40,,48,1751825539,,,,,,,,,,,,,,,,,,,,,,,,,1790818140928488173
512,30:03:c8:3c:a8:85,f8:c6:50:3f:58:ef,0x0800,UDP,142.251.220.68,172.22.125.1,0,0,0,0,,,443,61240,,,,20,,59,,1250,,1258,1751825539,,,,,,,,,,,,,,,,,,,,,,,,,1790818140928488173
512,00:fd:22:38:9e:5c,30:03:c8:3c:a8:85,0x0800,UDP,172.22.125.1,142.251.220.68,0,0,232,0,,,61240,443,,,,20,,128,,1250,,1258,1751825539,,,,,,,,,,,,,,,,,,,,,,,,,5710391236528867250
90,33:33:00:00:00:16,e2:d6:41:87:1e:8a,0x86DD,246,fe80:0000:0000:0000:e0d6:41ff:fe87:1e8a,ff02:0000:0000:0000:0000:0000:0000:0016,0,0,,,0,0,,,0-143-4-0-255-,1120,5,2272,,,1,,,,1751825539,,,,,,,,,,,,,,,,,,,,,,,,,1187238589795403003
512,30:03:c8:3c:a8:85,f8:c6:50:3f:58:ef,0x0800,UDP,142.251.220.68,172.22.125.1,0,0,0,0,,,443,61240,,,,20,,59,,1250,,1258,1751825539,,,,,,,,,,,,,,,,,,,,,,,,,1790818140928488173
336,30:03:c8:3c:a8:85,f8:c6:50:3f:58:ef,0x0800,UDP,142.251.220.68,172.22.125.1,0,0,0,0,,,443,61240,,,,20,,59,,294,,302,1751825539,,,,,,,,,,,,,,,,,,,,,,,,,1790818140928488173
512,30:03:c8:3c:a8:85,f8:c6:50:3f:58:ef,0x0800,UDP,142.251.220.68,172.22.125.1,0,0,0,0,,,443,61240,,,,20,,59,,956,,964,1751825539,,,,,,,,,,,,,,,,,,,,,,,,,1790818140928488173
109,30:03:c8:3c:a8:85,f8:c6:50:3f:58:ef,0x0800,UDP,142.251.220.68,172.22.125.1,0,0,0,0,,,443,61240,,,,20,,59,,67,,75,1751825539,,,,,,,,,,,,,,,,,,,,,,,,,1790818140928488173
66,30:03:c8:3c:a8:85,00:fd:22:38:9e:5c,0x0800,UDP,142.251.220.68,172.22.125.1,0,0,0,0,,,443,61240,,,,20,,59,,24,,32,1751825539,,,,,,,,,,,,,,,,,,,,,,,,,1790818140928488173
120,00:fd:22:38:9e:5c,30:03:c8:3c:a8:85,0x0800,UDP,172.22.125.1,142.251.220.68,0,0,233,0,,,61240,443,,,,20,,128,,78,,86,1751825539,,,,,,,,,,,,,,,,,,,,,,,,,5710391236528867250
73,00:fd:22:38:9e:5c,30:03:c8:3c:a8:85,0x0800,UDP,172.22.125.1,142.251.220.68,0,0,234,0,,,61240,443,,,,20,,128,,31,,39,1751825539,,,,,,,,,,,,,,,,,,,,,,,,,5710391236528867250
512,30:03:c8:3c:a8:85,00:fd:22:38:9e:5c,0x0800,UDP,142.251.220.68,172.22.125.1,0,0,0,0,,,443,61240,,,,20,,59,,1250,,1258,1751825539,,,,,,,,,,,,,,,,,,,,,,,,,1790818140928488173
162,30:03:c8:3c:a8:85,00:fd:22:38:9e:5c,0x0800,UDP,142.251.220.68,172.22.125.1,0,0,0,0,,,443,61240,,,,20,,59,,120,,128,1751825539,,,,,,,,,,,,,,,,,,,,,,,,,1790818140928488173
75,00:fd:22:38:9e:5c,30:03:c8:3c:a8:85,0x0800,UDP,172.22.125.1,142.251.220.68,0,0,235,0,,,61240,443,,,,20,,128,,33,,41,1751825539,,,,,,,,,,,,,,,,,,,,,,,,,5710391236528867250
93,01:00:5e:00:00:fb,34:6f:24:c6:15:13,0x0800,UDP,172.22.121.81,224.0.0.251,0,0,203,0,,,5353,5353,,,,20,,1,,51,,59,1751825539,,,,,,,,,,,,,,,,,,,,,,,,,1366572692455993651
113,33:33:00:00:00:fb,34:6f:24:c6:15:13,0x86DD,UDP,fe80:0000:0000:0000:bba5:a18b:73b3:9dfe,ff02:0000:0000:0000:0000:0000:0000:00fb,0,0,,,0,989830,5353,5353,,0,0,40,,,1,51,,59,1751825539,,,,,,,,,,,,,,,,,,,,,,,,,7180454308768470975
87,01:00:5e:00:00:fb,34:6f:24:c6:15:13,0x0800,UDP,172.22.121.81,224.0.0.251,0,0,204,0,,,5353,5353,,,,20,,255,,45,,53,1751825539,,,,,,,,,,,,,,,,,,,,,,,,,1366572692455993651
107,33:33:00:00:00:fb,34:6f:24:c6:15:13,0x86DD,UDP,fe80:0000:0000:0000:bba5:a18b:73b3:9dfe,ff02:0000:0000:0000:0000:0000:0000:00fb,0,0,,,0,734681,5353,5353,,0,0,40,,,255,45,,53,1751825539,,,,,,,,,,,,,,,,,,,,,,,,,7180454308768470975
167,01:00:5e:7f:ff:fa,34:6f:24:c6:15:13,0x0800,UDP,172.22.121.81,239.255.255.250,0,0,161,0,,,65532,1900,,,,20,,255,,125,,133,1751825539,,,,,,,,,,,,,,,,,,,,,,,,,13154262507935913233
167,01:00:5e:7f:ff:fa,1e:ef:07:63:7f:bd,0x0800,UDP,172.22.124.250,239.255.255.250,0,0,114,0,,,42473,1900,,,,20,,255,,125,,133,1751825539,,,,,,,,,,,,,,,,,,,,,,,,,6023026821792174624
87,01:00:5e:00:00:fb,1e:ef:07:63:7f:bd,0x0800,UDP,172.22.124.250,224.0.0.251,0,0,119,0,,,5353,5353,,,,20,,255,,45,,53,1751825539,,,,,,,,,,,,,,,,,,,,,,,,,17864733445193145942
107,33:33:00:00:00:fb,1e:ef:07:63:7f:bd,0x86DD,UDP,fe80:0000:0000:0000:1cef:07ff:fe63:7fbd,ff02:0000:0000:0000:0000:0000:0000:00fb,0,0,,,0,596860,5353,5353,,0,0,40,,,255,45,,53,1751825539,,,,,,,,,,,,,,,,,,,,,,,,,7652440801523833274
82,01:00:5e:00:00:fb,1e:ef:07:63:7f:bd,0x0800,UDP,172.22.124.250,224.0.0.251,0,0,120,0,,,5353,5353,,,,20,,255,,40,,48,1751825539,,,,,,,,,,,,,,,,,,,,,,,,,17864733445193145942
102,33:33:00:00:00:fb,1e:ef:07:63:7f:bd,0x86DD,UDP,fe80:0000:0000:0000:1cef:07ff:fe63:7fbd,ff02:0000:0000:0000:0000:0000:0000:00fb,0,0,,,0,596860,5353,5353,,0,0,40,,,255,40,,48,1751825539,,,,,,,,,,,,,,,,,,,,,,,,,7652440801523833274
103,01:00:5e:00:00:fb,1e:ef:07:63:7f:bd,0x0800,UDP,172.22.124.250,224.0.0.251,0,0,121,0,,,5353,5353,,,,20,,255,,61,,69,1751825539,,,,,,,,,,,,,,,,,,,,,,,,,17864733445193145942
123,33:33:00:00:00:fb,1e:ef:07:63:7f:bd,0x86DD,UDP,fe80:0000:0000:0000:1cef:07ff:fe63:7fbd,ff02:0000:0000:0000:0000:0000:0000:00fb,0,0,,,0,596860,5353,5353,,0,0,40,,,255,61,,69,1751825539,,,,,,,,,,,,,,,,,,,,,,,,,7652440801523833274
119,01:00:5e:00:00:fb,1e:ef:07:63:7f:bd,0x0800,UDP,172.22.124.250,224.0.0.251,0,0,123,0,,,5353,5353,,,,20,,255,,77,,85,1751825539,,,,,,,,,,,,,,,,,,,,,,,,,17864733445193145942
139,33:33:00:00:00:fb,1e:ef:07:63:7f:bd,0x86DD,UDP,fe80:0000:0000:0000:1cef:07ff:fe63:7fbd,ff02:0000:0000:0000:0000:0000:0000:00fb,0,0,,,0,596860,5353,5353,,0,0,40,,,255,77,,85,1751825539,,,,,,,,,,,,,,,,,,,,,,,,,7652440801523833274
299,01:00:5e:00:00:fb,34:6f:24:c6:15:13,0x0800,UDP,172.22.121.81,224.0.0.251,0,0,205,0,,,5353,5353,,,,20,,1,,257,,265,1751825539,,,,,,,,,,,,,,,,,,,,,,,,,1366572692455993651
319,33:33:00:00:00:fb,34:6f:24:c6:15:13,0x86DD,UDP,fe80:0000:0000:0000:bba5:a18b:73b3:9dfe,ff02:0000:0000:0000:0000:0000:0000:00fb,0,0,,,0,989830,5353,5353,,0,0,40,,,1,257,,265,1751825539,,,,,,,,,,,,,,,,,,,,,,,,,7180454308768470975
235,01:00:5e:00:00:fb,34:6f:24:c6:15:13,0x0800,UDP,172.22.121.81,224.0.0.251,0,0,206,0,,,5353,5353,,,,20,,1,,193,,201,1751825539,,,,,,,,,,,,,,,,,,,,,,,,,1366572692455993651
255,33:33:00:00:00:fb,34:6f:24:c6:15:13,0x86DD,UDP,fe80:0000:0000:0000:bba5:a18b:73b3:9dfe,ff02:0000:0000:0000:0000:0000:0000:00fb,0,0,,,0,989830,5353,5353,,0,0,40,,,1,193,,201,1751825539,,,,,,,,,,,,,,,,,,,,,,,,,7180454308768470975
294,ff:ff:ff:ff:ff:ff,a4:00:4e:3d:2b:00,0x0800,UDP,172.22.121.195,255.255.255.255,48,0,26,0,,,5279,5246,,,,20,,64,,252,,260,1751825539,,,,,,,,,,,,,,,,,,,,,,,,,7298147102409572966
314,33:33:00:00:01:8c,a4:00:4e:3d:2b:00,0x86DD,UDP,fe80:0000:0000:0000:a479:72ea:bd01:0070,ff02:0000:0000:0000:0000:0000:0000:018c,48,0,,,192,0,5279,5246,,0,0,40,,,1,252,,260,1751825539,,,,,,,,,,,,,,,,,,,,,,,,,6515985969617935056
186,ff:ff:ff:ff:ff:ff,94:bb:43:c1:23:3c,0x0800,UDP,172.22.121.74,172.22.127.255,0,0,3,0,,,54592,51007,,,,20,,128,,144,,152,1751825539,,,,,,,,,,,,,,,,,,,,,,,,,9470533654828626356
104,00:fd:22:38:9e:5c,30:03:c8:3c:a8:85,0x0800,TCP,172.22.125.1,4.195.15.176,0,0,37,0,,,56322,443,,,,20,20,128,,50,254,,1751825539,0x24,2718876225,1566073191,,,,,,,,,,,,,,,,,,,,,,456092331062521076
212,01:00:5e:7f:ff:fa,b8:1e:a4:a6:1e:49,0x0800,UDP,172.22.121.69,239.255.255.250,0,0,43,0,,,56026,1900,,,,20,,1,,170,,178,1751825539,,,,,,,,,,,,,,,,,,,,,,,,,11680042612085092970
82,01:00:5e:00:00:fb,c8:94:02:69:ba:17,0x0800,UDP,172.22.123.1,224.0.0.251,0,0,29,0,,,5353,5353,,,,20,,1,,40,,48,1751825540,,,,,,,,,,,,,,,,,,,,,,,,,9018072769248729549
102,33:33:00:00:00:fb,c8:94:02:69:ba:17,0x86DD,UDP,fe80:0000:0000:0000:205b:4537:b75d:7d0f,ff02:0000:0000:0000:0000:0000:0000:00fb,0,0,,,0,806338,5353,5353,,0,0,40,,,1,40,,48,1751825540,,,,,,,,,,,,,,,,,,,,,,,,,15545155473176863809
82,01:00:5e:00:00:fb,c8:94:02:69:ba:17,0x0800,UDP,172.22.123.1,224.0.0.251,0,0,30,0,,,5353,5353,,,,20,,1,,40,,48,1751825540,,,,,,,,,,,,,,,,,,,,,,,,,9018072769248729549
102,33:33:00:00:00:fb,c8:94:02:69:ba:17,0x86DD,UDP,fe80:0000:0000:0000:205b:4537:b75d:7d0f,ff02:0000:0000:0000:0000:0000:0000:00fb,0,0,,,0,806338,5353,5353,,0,0,40,,,1,40,,48,1751825540,,,,,,,,,,,,,,,,,,,,,,,,,15545155473176863809
102,33:33:00:00:00:fb,c8:94:02:69:ba:17,0x86DD,UDP,fe80:0000:0000:0000:205b:4537:b75d:7d0f,ff02:0000:0000:0000:0000:0000:0000:00fb,0,0,,,0,121369,5353,5353,,0,0,40,,,1,40,,48,1751825540,,,,,,,,,,,,,,,,,,,,,,,,,15545155473176863809
102,33:33:00:00:00:fb,c8:94:02:69:ba:17,0x86DD,UDP,fe80:0000:0000:0000:205b:4537:b75d:7d0f,ff02:0000:0000:0000:0000:0000:0000:00fb,0,0,,,0,121369,5353,5353,,0,0,40,,,1,40,,48,1751825540,,,,,,,,,,,,,,,,,,,,,,,,,15545155473176863809
93,30:03:c8:3c:a8:85,00:fd:22:38:9e:5c,0x0800,TCP,4.195.15.176,172.22.125.1,0,0,142,0,,,443,56322,,,,20,20,111,,39,16382,,1751825540,0x24,1566073191,2718876275,,,,,,,,,,,,,,,,,,,,,,4354941336258476322
54,00:fd:22:38:9e:5c,30:03:c8:3c:a8:85,0x0800,TCP,172.22.125.1,4.195.15.176,0,0,38,0,,,56322,443,,,,20,20,128,,0,254,,1751825540,0x16,2718876275,1566073230,,,,,,,,,,,,,,,,,,,,,,456092331062521076
243,ff:ff:ff:ff:ff:ff,c8:94:02:69:ba:17,0x0800,UDP,172.22.123.1,172.22.127.255,0,0,11,0,,,138,138,,,,20,,128,,201,,209,1751825540,,,,,,,,,,,,,,,,,,,,,,,,,9696256886669229273
92,ff:ff:ff:ff:ff:ff,10:68:38:a3:ff:49,0x0800,UDP,172.22.120.137,172.22.127.255,0,0,229,0,,,137,137,,,,20,,128,,50,,58,1751825540,,,,,,,,,,,,,,,,,,,,,,,,,5744518551174260364
86,ff:ff:ff:ff:ff:ff,b8:1e:a4:a6:1e:49,0x0800,UDP,172.22.121.69,172.22.127.255,0,0,53,0,,,57621,57621,,,,20,,128,,44,,52,1751825540,,,,,,,,,,,,,,,,,,,,,,,,,18292251053967158592
86,33:33:00:00:00:fb,fa:86:b7:0a:6c:51,0x86DD,4,fe80:0000:0000:0000:f886:b7ff:fe0a:6c51,ff02:0000:0000:0000:0000:0000:0000:00fb,0,0,,,0,0,,,0-131-255-,40,3,88,,,1,,,,1751825540,,,,,,,,,,,,,,,,,,,,,,,,,11741727959868307762
86,33:33:ff:0a:6c:51,fa:86:b7:0a:6c:51,0x86DD,7,fe80:0000:0000:0000:f886:b7ff:fe0a:6c51,ff02:0000:0000:0000:0000:0001:ff0a:6c51,0,0,,,0,0,,,0-131-255-,40,3,88,,,1,,,,1751825540,,,,,,,,,,,,,,,,,,,,,,,,,18066623461333218102
86,33:33:ff:7e:ff:2c,a0:59:50:3a:9e:77,0x86DD,7,fe80:0000:0000:0000:1bc5:c1e0:9a7e:ff2c,ff02:0000:0000:0000:0000:0001:ff7e:ff2c,0,0,,,0,0,,,0-131-255-,40,3,88,,,1,,,,1751825540,,,,,,,,,,,,,,,,,,,,,,,,,9837989894867550900
86,33:33:00:01:00:03,a0:59:50:3a:9e:77,0x86DD,7,fe80:0000:0000:0000:1bc5:c1e0:9a7e:ff2c,ff02:0000:0000:0000:0000:0000:0001:0003,0,0,,,0,0,,,0-131-255-,40,3,88,,,1,,,,1751825540,,,,,,,,,,,,,,,,,,,,,,,,,10826375091181779140
86,33:33:00:00:00:fb,a0:59:50:3a:9e:77,0x86DD,7,fe80:0000:0000:0000:1bc5:c1e0:9a7e:ff2c,ff02:0000:0000:0000:0000:0000:0000:00fb,0,0,,,0,0,,,0-131-255-,40,3,88,,,1,,,,1751825540,,,,,,,,,,,,,,,,,,,,,,,,,16291638682023795370
86,33:33:00:00:00:0c,a0:59:50:3a:9e:77,0x86DD,7,fe80:0000:0000:0000:1bc5:c1e0:9a7e:ff2c,ff02:0000:0000:0000:0000:0000:0000:000c,0,0,,,0,0,,,0-131-255-,40,3,88,,,1,,,,1751825540,,,,,,,,,,,,,,,,,,,,,,,,,16331714820465960694
86,33:33:ff:a2:6c:f9,b2:5f:0a:a2:6c:f9,0x86DD,7,fe80:0000:0000:0000:b05f:0aff:fea2:6cf9,ff02:0000:0000:0000:0000:0001:ffa2:6cf9,0,0,,,0,0,,,0-131-255-,40,3,88,,,1,,,,1751825540,,,,,,,,,,,,,,,,,,,,,,,,,3478314946691672872
86,33:33:00:00:00:02,b2:5f:0a:a2:6c:f9,0x86DD,7,fe80:0000:0000:0000:b05f:0aff:fea2:6cf9,ff02:0000:0000:0000:0000:0000:0000:0002,0,0,,,0,0,,,0-131-255-,40,3,88,,,1,,,,1751825540,,,,,,,,,,,,,,,,,,,,,,,,,7469355969610149486
86,33:33:00:00:00:02,b2:5f:0a:a2:6c:f9,0x86DD,108,fe80:0000:0000:0000:b05f:0aff:fea2:6cf9,ff05:0000:0000:0000:0000:0000:0000:0002,0,0,,,0,0,,,0-131-255-,64,3,2104,,,1,,,,1751825540,,,,,,,,,,,,,,,,,,,,,,,,,9997344973929046218
86,33:33:ff:00:00:00,b2:5f:0a:a2:6c:f9,0x86DD,7,fe80:0000:0000:0000:b05f:0aff:fea2:6cf9,ff02:0000:0000:0000:0000:0001:ff00:0000,0,0,,,0,0,,,0-131-255-,40,3,88,,,1,,,,1751825540,,,,,,,,,,,,,,,,,,,,,,,,,3417638024867267398
86,33:33:00:00:00:fb,b2:5f:0a:a2:6c:f9,0x86DD,8,fe80:0000:0000:0000:b05f:0aff:fea2:6cf9,ff02:0000:0000:0000:0000:0000:0000:00fb,0,0,,,0,0,,,0-131-255-,40,3,88,,,1,,,,1751825540,,,,,,,,,,,,,,,,,,,,,,,,,6430617980495703630
67,01:00:5e:00:00:fc,38:7a:0e:01:69:7c,0x0800,UDP,172.22.124.41,224.0.0.252,0,0,105,0,,,62578,5355,,,,20,,1,,25,,33,1751825540,,,,,,,,,,,,,,,,,,,,,,,,,4581306964948466564
120,33:33:00:01:00:02,38:7a:0e:01:69:7c,0x86DD,UDP,fe80:0000:0000:0000:f1a0:8f69:7b74:3527,ff02:0000:0000:0000:0000:0000:0001:0002,0,0,,,0,349256,546,547,,0,0,40,,,1,58,,66,1751825540,,,,,,,,,,,,,,,,,,,,,,,,,8580103491732647521
86,33:33:ff:a0:b4:95,38:7a:0e:01:69:7c,0x86DD,ICMPv6,fe80:0000:0000:0000:f1a0:8f69:7b74:3527,ff02:0000:0000:0000:0000:0001:ffa0:b495,0,0,,,0,0,,,,0,0,40,,,255,,,,1751825540,,,,,,,,,,,,,,,,135,0,0x409B,0x0000,0,,,,,14338892906010290403
119,01:00:5e:00:00:fb,1e:ef:07:63:7f:bd,0x0800,UDP,172.22.124.250,224.0.0.251,0,0,200,0,,,5353,5353,,,,20,,255,,77,,85,1751825540,,,,,,,,,,,,,,,,,,,,,,,,,17864733445193145942
139,33:33:00:00:00:fb,1e:ef:07:63:7f:bd,0x86DD,UDP,fe80:0000:0000:0000:1cef:07ff:fe63:7fbd,ff02:0000:0000:0000:0000:0000:0000:00fb,0,0,,,0,596860,5353,5353,,0,0,40,,,255,77,,85,1751825540,,,,,,,,,,,,,,,,,,,,,,,,,7652440801523833274
86,33:33:ff:bc:6a:0c,50:28:4a:4d:72:0e,0x86DD,13,fe80:0000:0000:0000:2ada:bb3e:70bc:6a0c,ff02:0000:0000:0000:0000:0001:ffbc:6a0c,0,0,,,0,0,,,0-131-255-,40,3,88,,,1,,,,1751825540,,,,,,,,,,,,,,,,,,,,,,,,,16781643924342079293
86,33:33:00:01:00:03,50:28:4a:4d:72:0e,0x86DD,13,fe80:0000:0000:0000:2ada:bb3e:70bc:6a0c,ff02:0000:0000:0000:0000:0000:0001:0003,0,0,,,0,0,,,0-131-255-,40,3,88,,,1,,,,1751825540,,,,,,,,,,,,,,,,,,,,,,,,,18283156713665624233
86,33:33:00:00:00:0c,50:28:4a:4d:72:0e,0x86DD,13,fe80:0000:0000:0000:2ada:bb3e:70bc:6a0c,ff02:0000:0000:0000:0000:0000:0000:000c,0,0,,,0,0,,,0-131-255-,40,3,88,,,1,,,,1751825540,,,,,,,,,,,,,,,,,,,,,,,,,9880960223995995803
86,33:33:00:00:00:fb,50:28:4a:4d:72:0e,0x86DD,13,fe80:0000:0000:0000:2ada:bb3e:70bc:6a0c,ff02:0000:0000:0000:0000:0000:0000:00fb,0,0,,,0,0,,,0-131-255-,40,3,88,,,1,,,,1751825540,,,,,,,,,,,,,,,,,,,,,,,,,9913082425663691463
86,33:33:00:00:00:0c,28:6b:35:57:92:57,0x86DD,146,fe80:0000:0000:0000:6ff9:3a23:6518:ac5a,ff05:0000:0000:0000:0000:0000:0000:000c,0,0,,,0,0,,,0-131-255-,64,3,808,,,1,,,,1751825540,,,,,,,,,,,,,,,,,,,,,,,,,7844960169242337574
86,33:33:00:00:00:fb,28:6b:35:57:92:57,0x86DD,13,fe80:0000:0000:0000:6ff9:3a23:6518:ac5a,ff02:0000:0000:0000:0000:0000:0000:00fb,0,0,,,0,0,,,0-131-255-,40,3,88,,,1,,,,1751825540,,,,,,,,,,,,,,,,,,,,,,,,,13144984579649634396
86,33:33:ff:18:ac:5a,28:6b:35:57:92:57,0x86DD,13,fe80:0000:0000:0000:6ff9:3a23:6518:ac5a,ff02:0000:0000:0000:0000:0001:ff18:ac5a,0,0,,,0,0,,,0-131-255-,40,3,88,,,1,,,,1751825540,,,,,,,,,,,,,,,,,,,,,,,,,1731268816753783092
86,33:33:ff:5e:bf:71,90:e8:68:b8:7f:fb,0x86DD,13,fe80:0000:0000:0000:5f7d:dd21:cf5e:bf71,ff02:0000:0000:0000:0000:0001:ff5e:bf71,0,0,,,0,0,,,0-131-255-,40,3,88,,,1,,,,1751825540,,,,,,,,,,,,,,,,,,,,,,,,,5500724655396622601
86,33:33:00:01:00:03,90:e8:68:b8:7f:fb,0x86DD,13,fe80:0000:0000:0000:5f7d:dd21:cf5e:bf71,ff02:0000:0000:0000:0000:0000:0001:0003,0,0,,,0,0,,,0-131-255-,40,3,88,,,1,,,,1751825540,,,,,,,,,,,,,,,,,,,,,,,,,9748208689940207245
86,33:33:00:00:00:fb,90:e8:68:b8:7f:fb,0x86DD,13,fe80:0000:0000:0000:5f7d:dd21:cf5e:bf71,ff02:0000:0000:0000:0000:0000:0000:00fb,0,0,,,0,0,,,0-131-255-,40,3,88,,,1,,,,1751825540,,,,,,,,,,,,,,,,,,,,,,,,,17537049932858356963
86,33:33:00:00:00:0c,90:e8:68:b8:7f:fb,0x86DD,13,fe80:0000:0000:0000:5f7d:dd21:cf5e:bf71,ff02:0000:0000:0000:0000:0000:0000:000c,0,0,,,0,0,,,0-131-255-,40,3,88,,,1,,,,1751825540,,,,,,,,,,,,,,,,,,,,,,,,,17569231500260329663
86,33:33:00:00:00:02,66:01:db:e1:73:97,0x86DD,13,fe80:0000:0000:0000:6401:dbff:fee1:7397,ff02:0000:0000:0000:0000:0000:0000:0002,0,0,,,0,0,,,0-131-255-,40,3,88,,,1,,,,1751825540,,,,,,,,,,,,,,,,,,,,,,,,,6914051494932101376
